COD,DENUMIRE,LOCALITATE,JUDET
1001,CRUCEA GRANARILOR CALUGARENI,CALUGARENI,GIURGIU,44.17, 26.14
1002,STATUIA LUI MIHAI VITEAZU,CALUGARENI,GIURGIU,44.18, 26.00
1003,BISERICA SF VOIEVOZI,CALUGARENI,GIURGIU,44.17, 26.14
1004,MONUMENT MIHAI VITEAZU,CALUGARENI,GIURGIU, 43.96, 25.96
1005,Biserica Sf. Petru si Pavel Sat Cetatea,CETATEA,GIURGIU,44.1711618, 26.145022
1006,PARCUL NATURAL COMANA,COMANA,GIURGIU,43.7365012,25.710717
1007,MANASTIREA DELTA NEAJLOVULUI,COMANA,GIURGIU,44.2444664, 26.2324
1008,LACUL COMANA,COMANA,GIURGIU, 44.1711618, 26.145022
1009,PARC AVENTURA COMANA,COMANA,GIURGIU, 43.8938686989718, 25.960942602228
1010,CASA MEMORIALA GELLU NAUM COMANA,COMANA,GIURGIU
1011,MONUMENTUL EROILOR COMANA,COMANA,GIURGIU
1012,MANASTIREA COMANA,COMANA,GIURGIU
1013,MAUSOLEUL COMANA,COMANA,GIURGIU
1014,AERODROM COMANA,COMANA,GIURGIU
1015,BISERICA ADORMIREA MAICII DOMNULUI BUDENI,COMANA,GIURGIU
1016,MANASTIREA BUNA VESTIRE,BOLINTIN VALE,GIURGIU
1017,CRUCEA DE PIATRA MIHAI VITEAZU,CRUCEA DE PIATRA,GIURGIU
1018,BISERICA SF. ILIE CRUCEA DE PIATRA,CRUCEA DE PIATRA,GIURGIU
1019,BISERICA SF PARASCHEVA DARASTI,DARASTI,GIURGIU
1020,BISERICA DOBRENI,DOBRENI,GIURGIU
1021,MONUMENTUL EROILOR DOBRENI,DOBRENI,GIURGIU
1022,Muzeul Satesc din Fratesti,FRATESTI,GIURGIU
1023,Biserica Sf. Ecaterina din Fratesti,FRATESTI,GIURGIU
1024,Biserica Adormirii Maicii Domnului Gaujani,GAUJANI,GIURGIU
1025,Biserica Adventista Gaujani,GAUJANI,GIURGIU
1026,Cetatea Giurgiu,GIURGIU,GIURGIU
1027,BISERICA SF GHEORGHE GIURGIU,GIURGIU,GIURGIU
1028,STATUIA TRIUMF GIURGIU,GIURGIU,GIURGIU
1029,PRIMARIA GIURGIU,GIURGIU,GIURGIU
1030,STATUIA LUI VLAD TEPES GIURGIU,GIURGIU,GIURGIU
1031,CONSILIUL JUDETEAN GIURGIU,GIURGIU,GIURGIU
1032,TURNUL CEASORNICULUI GIURGIU,GIURGIU,GIURGIU
1033,BISERICA ADORMIRII MAICII DOMNULUI GIURGIU,GIURGIU,GIURGIU
1034,STATUIA LUI NICOLAE IORGA GIURGIU,GIURGIU,GIURGIU
1035,LICEUL ION MAJORESCU GIURGIU,GIURGIU,GIURGIU
1036,BISERICA MIHAIL SI GAVRIIL GIURGIU,GIURGIU,GIURGIU
1037,MAUSOLEUL EROILOR GIURGIU,GIURGIU,GIURGIU
1038,STATUIA LUI MIHAI VITEAZU GIURGIU,GIURGIU,GIURGIU
1039,TEATRUL T. VIANU GIURGIU,GIURGIU,GIURGIU
1040,MONUMENTUL EROILOR REVOLUTIEI 89 GIURGIU,GIURGIU,GIURGIU
1041,EPISCOPIA GIURGIU,GIURGIU,GIURGIU
1042,ATENEUL NICOLAE BALANESCU GIURGIU,GIURGIU,GIURGIU
1043,BISERICA ROMANO-CATOLICA GIURGIU,GIURGIU,GIURGIU
1044,CENTRUL CULTURAL ION VINEA,GIURGIU,GIURGIU
1045,MUZEUL TEOHARI ANTONESCU,GIURGIU,GIURGIU
1046,PARCUL ALEI GIURGIU,GIURGIU,GIURGIU
1047,STATUIA LUI MIHAI EMINESCU,GIURGIU,GIURGIU
1048,MUZEUL POLITIEI DE FRONTIERA GIURGIU,GIURGIU,GIURGIU
1049,CASA DR. A. VIANU,GIURGIU,GIURGIU
1050,SCHITU BARBU BELU GOSTINARI,GOSTINARI,GIURGIU
1051,BISERICA SF. VOIEVOZI MIHAIL SI GAVRIIL HERASTI,HERASTI,GIURGIU
1052,ANSAMBLUL ARHITECTURAL UDRISTE-NASTUREL HERASTI,HERASTI,GIURGIU
1053,MANASTIREA HULUBESTI,HULUBESTI,GIURGIU
1054,Biserica Ioan Botezatorul Malu,MALU,GIURGIU
1055,Monumentul Eroilor,MALU,GIURGIU
1056,CONACUL LUI CALINESCU MIHAILESTI,MIHAILESTI,GIURGIU
1057,BISERICA TUFA COSTINENI MIHAILESTI,MIHAILESTI,GIURGIU
1058,BISERICA SF NICOLAE MIRONESTI,MIRONESTI,GIURGIU
1059,RUINELE CONACULUI RADU SERBAN MIRONESTI,MIRONESTI,GIURGIU
1060,BISERICA OBEDENI,OBEDENI,GIURGIU
1061,MANASTIREA IOAN RUSU SLOBOZIA,SLOBOZIA,GIURGIU
1062,BAZA HIPICA REGATUL CAILOR VARLAAM,VARLAAM,GIURGIU
1063,BISERICA SF PANTELIMON VEDEA,VEDEA,GIURGIU
1064,PRIMARIA VEDEA,VEDEA,GIURGIU
1065,MONUMENTUL EROILOR VEDEA,VEDEA,GIURGIU
1066,STATUIA APOLLO,GIURGIU,GIURGIU
COD,DENUMIRE,LOCALITATE,JUDET
1067,CETATEA CAPIDAVA,Capidava,CONSTANTA
1068,MANASTIREA EPICTET SI ASTION,Capidava - Histria,CONSTANTA
1069,BISERICA ROMANO-CATOLICA,Cernavoda,CONSTANTA
1070,BISERICA SF. CONSTANTIN SI ELENA,Cernavoda,CONSTANTA
1071,GEAMIE CERNAVODA,Cernavoda,CONSTANTA
1072,MONUMENTUL EROILOR CERNAVODA,Cernavoda,CONSTANTA
1073,MUZEUL AXIOPOLIS CERNAVODA,Cernavoda,CONSTANTA
1074,PODUL CAROL I,Cernavoda,CONSTANTA
1075,BISERICA ADORMIREA MAICII DOMNULUI,Cogealac,CONSTANTA
1076,BISERICA COLELIA,Colelia,CONSTANTA
1077,ACVARIUL CONSTANTA,Constanta,CONSTANTA
1078,AQUA MAGIC,Constanta,CONSTANTA
1079,AQUARIUS DIVE CENTER,Constanta,CONSTANTA
1080,BANCA STR. ARHIEPISCOPIEI,Constanta,CONSTANTA
1081,BASORELIEFURI TINERI SPORTIVI,Constanta,CONSTANTA
1082,BISERICA ADORMIREA MAICII DOMNULUI,Constanta,CONSTANTA
1083,BISERICA APOSTOLICA ARMEANA,Constanta,CONSTANTA
1084,BISERICA BULGARA,Constanta,CONSTANTA
1085,BISERICA CATOLICA SF. ANTON,Constanta,CONSTANTA
1086,BISERICA GRECEASCA METAMORPHOSIS,Constanta,CONSTANTA
1087,BISERICA SF. MINA,Constanta,CONSTANTA
1088,BISERICA SF. GHEORGHE,Constanta,CONSTANTA
1089,BISERICA SF. STEFAN,Constanta,CONSTANTA
1090,BURSA VECHE,Constanta,CONSTANTA
1091,BUSTUL LUI ION BANESCU,Constanta,CONSTANTA
1092,BUSTUL LUI GRIGORE ANTIPA,Constanta,CONSTANTA
1093,BUSTUL LUI VASILE PARVAN,Constanta,CONSTANTA
1094,CASA ALLEON,Constanta,CONSTANTA
1095,CASA AVOCAT BARZAN,Constanta,CONSTANTA
1096,CASA AVOCAT TRAIAN BELLU,Constanta,CONSTANTA
1097,CASA BANESCU,Constanta,CONSTANTA
1098,CASA BARZANESCU,Constanta,CONSTANTA
1099,CASA CANANAU,Constanta,CONSTANTA
1100,CASA CAPITAN STANESCU,Constanta,CONSTANTA
1101,CASA CONSTANTINIDI,Constanta,CONSTANTA
1102,CASA CU BOWINDOURI,Constanta,CONSTANTA
1103,CASA CU LEI,Constanta,CONSTANTA
1104,CASA CUCULIS,Constanta,CONSTANTA
1105,CASA DE CULTURA A SINDICATELOR,Constanta,CONSTANTA
1106,CASA GRIGORIU,Constanta,CONSTANTA
1107,CASA ING. PASLA,Constanta,CONSTANTA
1108,CASA MANICARTIDE,Constanta,CONSTANTA
1109,CASA PILESCU,Constanta,CONSTANTA
1110,CASA SOMANESCU,Constanta,CONSTANTA
1111,CASA SULMONA NR. 19,Constanta,CONSTANTA
1112,CASA TEODOROU ROUSOU,Constanta,CONSTANTA
1113,CASA THEILER,Constanta,CONSTANTA
1114,CASA ZAFIRIOS KYRIAKOU,Constanta,CONSTANTA
1115,CASA ZOTTU,Constanta,CONSTANTA
1116,CASINO CONSTANTA,Constanta,CONSTANTA
1117,CATEDRALA SF. APOSTOLI PETRU SI PAVEL,Constanta,CONSTANTA
1118,CERCUL MILITAR,Constanta,CONSTANTA
1119,CETATEA TOMIS,Constanta,CONSTANTA
1120,COLEGIUL NATIONAL PEDAGOGIC,Constanta,CONSTANTA
1121,COMANDAMENTUL MARINEI MILITARE,Constanta,CONSTANTA
1122,CLUB SPORTIV LAGUNA,Constanta,CONSTANTA
1123,DELFINARIU,Constanta,CONSTANTA
1124,FARUL CAROL I,Constanta,CONSTANTA
1125,FARUL CONSTANTA,Constanta,CONSTANTA
1126,FARUL GENOVEZ,Constanta,CONSTANTA
1127,FOSTUL HOTEL MERCUR,Constanta,CONSTANTA
1128,FOST HOTEL SI CABARET BRITANIA,Constanta,CONSTANTA
1129,FOSTA RESEDINTA REGALA,Constanta,CONSTANTA
1130,GARA MARITIMA CONSTANTA,Constanta,CONSTANTA
1131,GEAMIA HUNCHIAR,Constanta,CONSTANTA
1132,GRAVITY PARK,Constanta,CONSTANTA
1133,GRUP STATUAR PESCARII,Constanta,CONSTANTA
1134,HANUL BALCAN,Constanta,CONSTANTA
1135,HOTEL INTIM,Constanta,CONSTANTA
1136,LAKE VIEW - Entertainment and Sports Center,Constanta,CONSTANTA
1137,LICEUL MIHAI EMINESCU,Constanta,CONSTANTA
1138,MICRODELTA,Constanta,CONSTANTA
1139,STATUIE LUPOAICA,Constanta,CONSTANTA
1140,MONUMENT CADEREA DE PE SOCLU,Constanta,CONSTANTA
1141,MONUMENTUL EROILOR,Constanta,CONSTANTA
1142,MONUMENTUL MARINARILOR ROMANI,Constanta,CONSTANTA
1143,MONUMENTUL VICTORIEI,Constanta,CONSTANTA
1144,MOSCHEEA CAROL I,Constanta,CONSTANTA
1145,MUZEUL DE ARTA CONSTANTA,Constanta,CONSTANTA
1146,MUZEUL DE ARTA POPULARA CONSTANTA,Constanta,CONSTANTA
1147,MUZEUL DE ISTORIE,Constanta,CONSTANTA
1148,MUZEUL DE SCULPTURA ION JALEA,Constanta,CONSTANTA
1149,MUZEUL EDIFICIUL CU MOZAIC,Constanta,CONSTANTA
1150,MUZEUL MARINEI,Constanta,CONSTANTA
1151,MUZEUL MILITAR CONSTANTA,Constanta,CONSTANTA
1152,NATURA DINO PARK,Constanta,CONSTANTA
1153,OBSERVATOR ASTRONOMIC,Constanta,CONSTANTA
1154,OFICIUL TELEFONIC CONSTANTA,Constanta,CONSTANTA
1155,PALATUL ARHIEPISCOPIEI,Constanta,CONSTANTA
1156,PARCUL ARHEOLOGIC,Constanta,CONSTANTA
1157,PARCUL GARII,Constanta,CONSTANTA
1158,PARCUL TABACARIEI,Constanta,CONSTANTA
1159,PLANETARIU,Constanta,CONSTANTA
1160,PORTUL TURISTIC TOMIS,Constanta,CONSTANTA
1161,PRIMARIA CONSTANTA,Constanta,CONSTANTA
1162,SATUL DE VACANTA,Constanta,CONSTANTA
1163,SILOZURILE ANGHEL SALIGNY,Constanta,CONSTANTA
1164,STATUIA ARUNCATORUL CU DISCUL,Constanta,CONSTANTA
1165,STATUIA CARMEN SYLVA,Constanta,CONSTANTA
1166,STATUIA EXTAZ,Constanta,CONSTANTA
1167,STATUIA FATA LA MARE,Constanta,CONSTANTA
1168,STATUIA FAUN SI NIMFA,Constanta,CONSTANTA
1169,STATUIA LUI MIHAI EMINESCU,Constanta,CONSTANTA
1170,STATUIA LUI OVIDIU,Constanta,CONSTANTA
1171,STATUIA TINERETE,Constanta,CONSTANTA
1172,TEATRUL DE STAT,Constanta,CONSTANTA
1173,TEATRUL ELPIS,Constanta,CONSTANTA
1174,TEATRUL NATIONAL DE OPERA SI BALET,Constanta,CONSTANTA
1175,TELEGONDOLA,Constanta,CONSTANTA
1176,TERMELE ROMANE,Constanta,CONSTANTA
1177,TRIBUNALUL CONSTANTA,Constanta,CONSTANTA
1178,VILA REGALA,Constanta,CONSTANTA
1179,VILA SUTU,Constanta,CONSTANTA
1180,OBELISC,Costinesti,CONSTANTA
1181,SCHITUL SF. ELENA,Costinesti,CONSTANTA
1182,ANA ASLAN HEALTH SPA,Eforie Nord,CONSTANTA
1183,AQUA PARK EFORIE,Eforie Nord,CONSTANTA
1184,GRUP STATUAR COPII,Eforie Nord,CONSTANTA
1185,HOTEL BELONA,Eforie Nord,CONSTANTA
1186,GEAMIE EFORIE SUD,Eforie Sud,CONSTANTA
1187,PARCUL MOVILA,Eforie Sud,CONSTANTA
1188,ANSAMBLUL VASILE COTOVU,Harsova,CONSTANTA
1189,BISERICA CONSTANTIN SI ELENA,Harsova,CONSTANTA
1190,CETATEA CARSIUM,Harsova,CONSTANTA
1191,GEAMIA MAHMUD,Harsova,CONSTANTA
1192,MUZEUL CARSIUM,Harsova,CONSTANTA
1193,CETATEA HISTRIA,Histria,CONSTANTA
1194,COMPLEX ARHEOLOGIC HISTRIA,Histria,CONSTANTA
1195,CETATEA CALLATIS,Mangalia,CONSTANTA
1196,GEAMIA ESMAHAN SULTAN,Mangalia,CONSTANTA
1197,HERGHELIA MANGALIA,Mangalia,CONSTANTA
1198,MORMANTUL CU PAPYRUS,Mangalia,CONSTANTA
1199,MUZEUL DE ARHEOLOGIE CALLATIS,Mangalia,CONSTANTA
1200,SANATORIUL BALNEAR MANGALIA,Mangalia,CONSTANTA
1201,SITUL ARHEOLOGIC MANGALIA,Mangalia,CONSTANTA
1202,PARADIS LAND NEPTUN,Neptun,CONSTANTA
1203,PARC DE DISTRACTII NEPTUN,Neptun,CONSTANTA
1204,CETATEA ULMETUM,Pantelimon,CONSTANTA
1205,BISERICA DIONISIE SI EFREM CEL NOU,Tirgusor,CONSTANTA
1206,MANASTIREA SF. IOAN CASIAN,Tirgusor,CONSTANTA
1207,CHEILE DOBROGEI,Tirgusor,CONSTANTA
1208,MONUMENTUL EROILOR,Tirgusor,CONSTANTA
1209,MUZEUL DE ARTA,Topalu,CONSTANTA
1210,Muzeul Marinei Mangalia,Mangalia,CONSTANTA
1211,Situl Arheologic statia de biogaz Mangalia,Mangalia,CONSTANTA
1212,Ansamblul rupestru Murfatlar,Murfatlar,CONSTANTA
1213,Rezervatia Naturala Padurea Fantanita,Murfatlar,CONSTANTA
1214,Turn de Apa,Murfatlar,CONSTANTA
1215,Gara Murfatlar,Murfatlar,CONSTANTA
1216,Manastirea Basarabi,Murfatlar,CONSTANTA
1217,Conacul Mihail Kogalniceanu,Murfatlar,CONSTANTA
1218,Geamia Murfatlar,Murfatlar,CONSTANTA
1219,Muzeul Viei si al Vinului,Murfatlar,CONSTANTA
1220,Muzeul Eroilor Murfatlar,Murfatlar,CONSTANTA
1221,Seminarul Musulman,Medgidia,CONSTANTA
1222,Casa Murad G. Ali,Medgidia,CONSTANTA
1223,Statuie Femeia cu Harpa,Medgidia,CONSTANTA
1224,Geamia Abdul Medgid,Medgidia,CONSTANTA
1225,Monumentul Eroilor Sarbi,Medgidia,CONSTANTA
1226,Primaria Medgidia,Medgidia,CONSTANTA
1227,Crama Lipnita,Ostrov,CONSTANTA
1228,Crama Ostrov,Ostrov,CONSTANTA
1229,Cetatea Bizantina Vicina,Ostrov,CONSTANTA
1230,Peretii Calcarosi de la Petrosani,Ostrov,CONSTANTA
1231,Muzeul Satesc Limanu,Limanu,CONSTANTA
1232,Centrul de Agrement 2 Mai,2 Mai,CONSTANTA
1233,Muzeul arheologic Adamclisi,Adamclisi,CONSTANTA
1234,Monumentul Trophaeum Traiani,Adamclisi,CONSTANTA
1235,Cetatea Adamiclisi,Adamclisi,CONSTANTA
1236,Basilica Adamclisi,Adamclisi,CONSTANTA
COD,DENUMIRE,LOCALITATE,JUDET
1237,BISERICA SF. NICOLAE ANDOLINA,ANDOLINA,CALARASI
1238,BISERICA SF. NICOLAE BOGATA,BOGATA,CALARASI
1239,BISERICA SF. IOAN BOTEZATORU ALEXE,CALARASI,CALARASI
1240,BISERICA SF. CONSTANTIN SI ELENA,CALARASI,CALARASI
1241,BISERICA MIRCEA VODA,CALARASI,CALARASI
1242,BUSTUL LUI BUREBISTA,CALARASI,CALARASI
1243,BUSTUL LUI EUGEN CIALIC,CALARASI,CALARASI
1244,CASA ANA SI MARINACHE POPESCU,CALARASI,CALARASI
1245,CASA CONSTANTIN TICAN,CALARASI,CALARASI
1246,CATEDRALA ORTODOXA SF. NICOLAE,CALARASI,CALARASI
1247,GRADINA ZOO,CALARASI,CALARASI
1248,MONUMENTUL EROILOR,CALARASI,CALARASI
1249,MUZEUL DUNARII DE JOS,CALARASI,CALARASI
1250,MUZEUL MUNICIPAL,CALARASI,CALARASI
1251,PALATUL PREFECTURII,CALARASI,CALARASI
1252,PARCUL FLORILOR,CALARASI,CALARASI
1253,PARCUL MUNICIPAL,CALARASI,CALARASI
1254,PRIMARIA CALARASI,CALARASI,CALARASI
1255,SCOALA GIMNAZIALA CAROL I,CALARASI,CALARASI
1256,STATUIA CAROL I,CALARASI,CALARASI
1257,STATUIA MIHAI EMINESCU,CALARASI,CALARASI
1258,STATUIA LUI IONEL BRATIANU,CALARASI,CALARASI
1259,VECHEA PRIMARIE,CALARASI,CALARASI
1260,BISERICA SF. NICOLAE,CIOCANESTI,CALARASI
1261,BISERICA SF. NICOLAE DOR MARUNT I,DOR MARUNT,CALARASI
1262,BISERICA SF. GHEORGHE DOR MARUNT II,DOR MARUNT,CALARASI
1263,HERGHELIA DOR MARUNT,DOR MARUNT,CALARASI
1264,LACUL FRASINET,FRASINET,CALARASI
1265,BISERICA SF. DUMITRU,MANASTIREA,CALARASI
1266,CASA MEMORIALA ALEXANDRU SAHIA,MANASTIREA,CALARASI
1267,BISERICA SF. MIHAIL SI GAVRIIL,NEGOESTI,CALARASI
1268,BISERICA EROILOR,OLTENITA,CALARASI
1269,BISERICA SF. GHEORGHE,OLTENITA,CALARASI
1270,BISERICA SF. NICOLAE,OLTENITA,CALARASI
1271,MONUMENTUL EROILOR,OLTENITA,CALARASI
1272,MONUMENTUL EROILOR RUSI,OLTENITA,CALARASI
1273,MUZEUL CIVILIZATIEI GUMELNITA,OLTENITA,CALARASI
1274,TURNUL DE APA OLTENITA,OLTENITA,CALARASI
1275,BISERICA SF. GHEORGHE SOLDANU,SOLDANU,CALARASI
1276,BISERICA SF. NICOLAE,SPANTOV,CALARASI
1277,BISERICA SF. PARASCHEVA,STANCEA,CALARASI
1278,BISERICA ADORMIREA MAICII DOMNULUI,SULTANA,CALARASI
1279,MANASTIREA TARICENI,TARICENI,CALARASI
1280,LACUL VALEA ROSIE,VALEA ROSIE,CALARASI
1281,MANASTIREA BUNA VESTIRE VALEA ROSIE,VALEA ROSIE,CALARASI
1282,RUINELE BISERICII FRUNZANESTI,FUNDENI,CALARASI
1283,ANSAMBLUL CURTII BOIERILOR DUDESCU,FUNDENI,CALARASI
1284,BISERICA SF. ANDREI FUNDENI,FUNDENI,CALARASI
,,,,
COD,DENUMIRE,LOCALITATE,JUDET
1285,BISERICA SFINTII VOIEVOZI,AMARASTII DE JOS,DOLJ
1286,BISERICA SFANTUL NICOLAE,AMARASTII DE SUS,DOLJ
1287,BISERICA ADORMIREA MAICII DOMNULUI,APELE VII,DOLJ
1288,BISERICA ADORMIREA MAICII DOMNULUI,BAILESTI,DOLJ
1289,CASA MEMORIALA AMZA PELLEA,BAILESTI,DOLJ
1290,BISERICA SFANTUL NICOLAE,BAILESTI,DOLJ
1291,MUZEUL CAMPIEI,BAILESTI,DOLJ
1292,PARCUL TINERETULUI,BAILESTI,DOLJ
1293,MONUMENT PETRE IVANOVICI,BAILESTI,DOLJ
1294,MONUMENTUL EROILOR,BAILESTI,DOLJ
1295,BUST MIHAI VITEAZUL,BAILESTI,DOLJ
1296,MANASTIREA JITIANU,BRANISTE,DOLJ
1297,BISERICA IZVORUL TAMADUIRII,CALAFAT,DOLJ
1298,BISERICA SFANTUL NICOLAE,CALAFAT,DOLJ
1299,CASA DUMITRU P. ARSSENIE,CALAFAT,DOLJ
1300,CASA IOAN GHEORGHIADIS,CALAFAT,DOLJ
1301,CLUBUL COPIILOR,CALAFAT,DOLJ
1302,CENTRUL CULTURAL BULGAR,CALAFAT,DOLJ
1303,BUST STEFAN IORDACHE,CALAFAT,DOLJ
1304,BUST SIMA PASARETZ,CALAFAT,DOLJ
1305,MONUMENTUL EROILOR,CALAFAT,DOLJ
1306,BUST TUDOR VLADIMIRESCU,CALAFAT,DOLJ
1307,BISERICA ADORMIREA MAICII DOMNULUI,CALAFAT,DOLJ
1308,MANASTIREA CARCEA,CARCEA,DOLJ
1309,BISERICA INTRAREA MAICII DOMNULUI IN BISERICA,CELARU,DOLJ
1310,BISERICA SFANTUL IOAN GURA DE AUR,CERAT,DOLJ
1311,PORT CULTURAL CETATE,CETATE,DOLJ
1312,BUST ALEXANDRU IOAN CUZA,CETATE,DOLJ
1313,ANSAMBLUL CURTII COTOFENILOR,COTOFENII DIN FATA,DOLJ
1314,BISERICA ADORMIREA MAICII DOMNULUI,COTOFENII DIN FATA,DOLJ
1315,CASA VRABIESCU,CRAIOVA,DOLJ
1316,CASA ZWILLINGER,CRAIOVA,DOLJ
1317,CASA GHEORGHE CHITU,CRAIOVA,DOLJ
1318,CASA MARIA TANASE,CRAIOVA,DOLJ
1319,CASA SCHINA,CRAIOVA,DOLJ
1320,CASA FERARU,CRAIOVA,DOLJ
1321,BISERICA ADORMIREA MAICII DOMNULUI,CRAIOVA,DOLJ
1322,CASA NICOLAE ROMANESCU,CRAIOVA,DOLJ
1323,CASA VARVOREANU,CRAIOVA,DOLJ
1324,CASA RUSANESCU,CRAIOVA,DOLJ
1325,CASA DIAMANTOPOL,CRAIOVA,DOLJ
1326,CASA BOICESCU,CRAIOVA,DOLJ
1327,CASA ESKENAZY,CRAIOVA,DOLJ
1328,HOTEL MINERVA,CRAIOVA,DOLJ
1329,HOTEL NEW YORK,CRAIOVA,DOLJ
1330,BISERICA SFANTUL ILIE,CRAIOVA,DOLJ
1331,FILARMONICA CRAIOVA,CRAIOVA,DOLJ
1332,PALATUL ADMINISTRATIV,CRAIOVA,DOLJ
1333,STATUIE MIHAI VITEAZU,CRAIOVA,DOLJ
1334,HOTEL PALACE,CRAIOVA,DOLJ
1335,MUZEUL DE ARTA,CRAIOVA,DOLJ
1336,BUSTUL LUI THEODOR AMAN,CRAIOVA,DOLJ
1337,CASA CONSTANTIN VALIMARESCU,CRAIOVA,DOLJ
1338,CASA STOILOV BOLINTINEANU,CRAIOVA,DOLJ
1339,AJPISD,CRAIOVA,DOLJ
1340,PARCUL ROMANESCU,CRAIOVA,DOLJ
1341,BUST ROMANESCU,CRAIOVA,DOLJ
1342,GRADINA ZOOLOGICA,CRAIOVA,DOLJ
1343,MONUMENT VORVOREANU,CRAIOVA,DOLJ
1344,STATUIE NICOLAE ROMANESCU,CRAIOVA,DOLJ
1345,ANSAMBLUL TOTI SFINTII,CRAIOVA,DOLJ
1346,JUDECATORIA CRAIOVA,CRAIOVA,DOLJ
1347,UNIVERSITATEA,CRAIOVA,DOLJ
1348,BUSTUL MIHAI I,CRAIOVA,DOLJ
1349,TEATRUL NATIONAL MARIN SORESCU,CRAIOVA,DOLJ
1350,PRIMARIA CRAIOVA,CRAIOVA,DOLJ
1351,STATUIE CAROL I,CRAIOVA,DOLJ
1352,COLEGIUL NATIONAL CAROL I,CRAIOVA,DOLJ
1353,MUZEUL DE STIINTE ALE NATURII,CRAIOVA,DOLJ
1354,BISERICA SFANTA TREIME,CRAIOVA,DOLJ
1355,STATUIE ION MAIORESCU,CRAIOVA,DOLJ
1356,SCOALA OTETELESEANU,CRAIOVA,DOLJ
1357,MUZEUL OLTENIEI,CRAIOVA,DOLJ
1358,BISERICA SFANTUL NICOLAE,CRAIOVA,DOLJ
1359,BISERICA SFANTUL NICOLAE BRANDUSA,CRAIOVA,DOLJ
1360,CASA GRIGORE GABRIELESCU,CRAIOVA,DOLJ
1361,BLOCUL CASA ALBA,CRAIOVA,DOLJ
1362,FOSTA MANASTIRE OBEDEANU,CRAIOVA,DOLJ
1363,CASA BRAILOIU LECCA,CRAIOVA,DOLJ
1364,GRADINA BOTANICA,CRAIOVA,DOLJ
1365,FANTANA JIANU,CRAIOVA,DOLJ
1366,STATUIA TUDOR VLADIMIRESCU,CRAIOVA,DOLJ
1367,CASA IONEL PLESIA,CRAIOVA,DOLJ
1368,CASA PENCIOIU,CRAIOVA,DOLJ
1369,CASA VERNESCU,CRAIOVA,DOLJ
1370,CASA BARBU DRUGA,CRAIOVA,DOLJ
1371,CASA SIMION BARNUTIU 2,CRAIOVA,DOLJ
1372,BISERICA SFINTII MIHAIL SI GAVRIIL,CRAIOVA,DOLJ
1373,CASA DR. MENDEL,CRAIOVA,DOLJ
1374,CASA TRAIAN DEMETRESCU,CRAIOVA,DOLJ
1375,CASA MEMORIALA ELENA FARAGO,CRAIOVA,DOLJ
1376,CASA MIRICA,CRAIOVA,DOLJ
1377,CASA POENARU,CRAIOVA,DOLJ
1378,STATUIA EUGENIU CARADA,CRAIOVA,DOLJ
1379,CASA BANIEI,CRAIOVA,DOLJ
1380,BISERICA SFANTUL DUMITRU,CRAIOVA,DOLJ
1381,FANTANA PURCARULUI,CRAIOVA,DOLJ
1382,HANUL PUTUREANU,CRAIOVA,DOLJ
1383,BISERICA SFANTUL GHEORGHE CEL NOU,CRAIOVA,DOLJ
1384,CASA CIOROIANU,CRAIOVA,DOLJ
1385,STATUIA FRATII BUZESTI,CRAIOVA,DOLJ
1386,COLEGIUL NATIONAL FRATII BUZESTI,CRAIOVA,DOLJ
1387,BISERICA SFANTUL NICOLAE,DABULENI,DOLJ
1388,BISERICA SFANTUL GHEORGHE,DABULENI,DOLJ
1389,MUZEUL MITRE ARAMBASA,DABULENI,DOLJ
1390,BISERICA SFANTUL DUMITRU,FILIASI,DOLJ
1391,BUST ANTON PANN,FILIASI,DOLJ
1392,BISERICA SFANTUL NICOLAE,FILIASI,DOLJ
1393,MAUSOLEUL FAMILIEI FILISANU,FILIASI,DOLJ
1394,BISERICA SFANTUL DIMITRIE,LEU,DOLJ
1395,MANASTIREA MAGLAVIT,MAGLAVIT,DOLJ
1396,SALCIA LUI PETRACHE LUPU,MAGLAVIT,DOLJ
1397,BISERICA SFANTUL NICOLAE,MAGLAVIT,DOLJ
1398,STATUIA PETRE LUPU,MAGLAVIT,DOLJ
1399,MUZEUL SATULUI,MAGLAVIT,DOLJ
1400,MUZEUL VETRE STRAMOSESTI,MAROTINU DE JOS,DOLJ
1401,BISERICA CONSTANTIN SI ELENA,MOTATEI,DOLJ
1402,BISERICA SFANTUL NICOLAE,MOTATEI,DOLJ
1403,MUZEUL HENRI COANDA,PERISOR,DOLJ
1404,BISERICA SFANTUL NICOLAE,PERISOR,DOLJ
1405,CASTRUL DE LA RACARI,RACARII DE JOS,DOLJ
1406,BISERICA ADORMIREA MAICII DOMNULUI,RADOVAN,DOLJ
1407,MANASTIREA SADOVA,SADOVA,DOLJ
1408,CASA MEMORIALA HENRI CATARGI,SCAESTI,DOLJ
1409,BISERICA ADORMIREA MAICII DOMNULUI,SEGARCEA,DOLJ
1410,CLUBUL COPIILOR,SEGARCEA,DOLJ
1411,MANASTIREA SEGARCEA,SEGARCEA,DOLJ
1412,BUSTUL HORIA VINTILA,SEGARCEA,DOLJ
1413,CRAMA DOMNEASCA,SEGARCEA,DOLJ
COD,DENUMIRE,LOCALITATE,JUDET,
1414,BISERICA DE LEMN SFANTUL NICOLAE,ALBULESTI,MEHEDINTI,
1415,BISERICA SFANTA PARASCHEVA,ARGINESTI,MEHEDINTI,
1416,BISERICA CUTUILOR,BROSTENI,MEHEDINTI,
1417,CULA CUTUI,BROSTENI,MEHEDINTI,
1418,BISERICA SFANTA PARASCHEVA,BUICESTI,MEHEDINTI,
1419,CONACUL RADUTESTILOR,BUTOIESTI,MEHEDINTI,
1420,MUZEUL SATULUI CERNETI,CERNETI,MEHEDINTI,
1421,BUST TUDOR VLADIMIRESCU,CERNETI,MEHEDINTI,
1422,MANASTIREA CERNETI,CERNETI,MEHEDINTI,
1423,BISERICA SFANTUL NICOLAE,CERNETI,MEHEDINTI,
1424,CULA TUDOR VLADIMIRESCU,CERNETI,MEHEDINTI,
1425,CULA NISTOR,CERNETI,MEHEDINTI,
1426,CETATEA TRICULE,CETATEA TRICULE,MEHEDINTI,
1427,BISERICA SFINTII VOIEVOZI,CORCOVA,MEHEDINTI,
1428,CONACUL ANTON BIBESCU,CORCOVA,MEHEDINTI,
1429,PODGORIA CORCOVA,CORCOVA,MEHEDINTI,
1430,BISERICA SFINTII VOIEVOZI,CUJMIR,MEHEDINTI,
1431,BUSTUL DECEBAL,DROBETA TURNU SEVERIN,MEHEDINTI,
1432,CETATEA MEDIEVALA A SEVERINULUI,DROBETA TURNU SEVERIN,MEHEDINTI,
1433,PALATUL TH. COSTESCU,DROBETA TURNU SEVERIN,MEHEDINTI,
1434,BUSTUL TRAIAN,DROBETA TURNU SEVERIN,MEHEDINTI,
1435,EPISCOPIA SEVERINULUI,DROBETA TURNU SEVERIN,MEHEDINTI,
1436,BANCA COMERCIALA ROMANA,DROBETA TURNU SEVERIN,MEHEDINTI,
1437,MONUMENTUL EROILOR,DROBETA TURNU SEVERIN,MEHEDINTI,
1438,COLEGIUL NATIONAL TRAIAN,DROBETA TURNU SEVERIN,MEHEDINTI,
1439,BUST TRAIAN PARCUL TRAIAN,DROBETA TURNU SEVERIN,MEHEDINTI,
1440,CASA DR. POPESCU CRIVINA,DROBETA TURNU SEVERIN,MEHEDINTI,
1441,HALA RADU NEGRU,DROBETA TURNU SEVERIN,MEHEDINTI,
1442,BISERICA INVIEREA DOMNULUI,DROBETA TURNU SEVERIN,MEHEDINTI,
1443,CASTELUL DE APA,DROBETA TURNU SEVERIN,MEHEDINTI,
1444,SCOALA PRIMARA DE FETE,DROBETA TURNU SEVERIN,MEHEDINTI,
1445,SCOALA PRIMARA DE BAIETI,DROBETA TURNU SEVERIN,MEHEDINTI,
1446,MUZEUL REGIUNII PORTILE DE FIER,DROBETA TURNU SEVERIN,MEHEDINTI,
1447,BISERICA SFANTUL GHEORGHE,DROBETA TURNU SEVERIN,MEHEDINTI,
1448,TERMELE DROBETEI,DROBETA TURNU SEVERIN,MEHEDINTI,
1449,PICIORUL POD TRAIAN,DROBETA TURNU SEVERIN,MEHEDINTI,
1450,MONUMENT CRIPTA EROILOR,DROBETA TURNU SEVERIN,MEHEDINTI,
1451,BIBLIOTECA JUDETEANA,DROBETA TURNU SEVERIN,MEHEDINTI,
1452,MUZEUL DE ARTA,DROBETA TURNU SEVERIN,MEHEDINTI,
1453,BUST GHEORGHE ANGHEL,DROBETA TURNU SEVERIN,MEHEDINTI,
1454,BISERICA ADORMIREA MAICII DOMNULUI,DROBETA TURNU SEVERIN,MEHEDINTI,
1455,MONUMENT MARIUS VORVOREANU,DROBETA TURNU SEVERIN,MEHEDINTI,
1456,PAROHIA ROMANO CATOLICA,DROBETA TURNU SEVERIN,MEHEDINTI,
1457,SINAGOGA SEVERIN,DROBETA TURNU SEVERIN,MEHEDINTI,
1458,PORTUL SEVERIN,DROBETA TURNU SEVERIN,MEHEDINTI,
1459,MONUMENT CAROL I,DROBETA TURNU SEVERIN,MEHEDINTI,
1460,MONUMENTUL MARINARILOR,DROBETA TURNU SEVERIN,MEHEDINTI,
1461,CASA MATACHE,DROBETA TURNU SEVERIN,MEHEDINTI,
1462,BISERICA SFANTUL ILIE TESVITEANUL,DROBETA TURNU SEVERIN,MEHEDINTI,
1463,MUZEUL PAROHIAL,ESELNITA,MEHEDINTI,
1464,BISERICA SFANTUL CALINIC,FANTANA DOMNEASCA,MEHEDINTI,
1465,MANASTIREA GURA MOTRULUI,GURA MOTRULUI,MEHEDINTI,
1466,BISERICA ADORMIREA MAICII DOMNULUI,GURA VAII,MEHEDINTI,
1467,BISERICA SFANTUL GHEORGHE,HINOVA,MEHEDINTI,
1468,MANASTIREA MRACONIA,MANASTIREA MRACONIA,MEHEDINTI,
1469,MONUMENT EROI ROMANIA MARE,MONUMENT EROI ROMANIA MARE,MEHEDINTI,
1470,MONUMENT PORTILE DE FIER,MONUMENT PORTILE DE FIER,MEHEDINTI,
1471,MUZEUL PORTILE DE FIER,MUZEUL PORTILE DE FIER,MEHEDINTI,
1472,PALATUL GHEORGHE PLESA,OBARSIA DE CAMP,MEHEDINTI,
1473,BISERICA SFANTUL NICOLAE,OBARSIA DE CAMP,MEHEDINTI,
1474,STATUIE MIHAI EMINESCU,ORSOVA,MEHEDINTI,
1475,FAR ORSOVA,ORSOVA,MEHEDINTI,
1476,MONUMENTUL EROILOR,ORSOVA,MEHEDINTI,
1477,MONUMENT DEZRADACINATI 1950,ORSOVA,MEHEDINTI,
1478,BISERICA SFANTUL NICOLAE,ORSOVA,MEHEDINTI,
1479,BISERICA ROMANO-CATOLICA,ORSOVA,MEHEDINTI,
1480,BISERICA GRECESCU,DROBETA TURNU SEVERIN,MEHEDINTI,
1481,BISERICA SFANTUL ANDREI,DROBETA TURNU SEVERIN,MEHEDINTI,
1482,BUST MIHAI EMINESCU,DROBETA TURNU SEVERIN,MEHEDINTI,
1483,MONUMENT VICTIMELE COMUNISM,DROBETA TURNU SEVERIN,MEHEDINTI,
1484,MANASTIREA TOPOLNITA,TOPOLNITA,MEHEDINTI,mail
1485,PODUL LUI DUMNEZEU,Ponoarele,MEHEDINTI,mail
1486,BISERICA ADORMIREA MAICII DOMNULUI,ORSOVA,MEHEDINTI,
1487,MANASTIREA SFANTA ANA,ORSOVA,MEHEDINTI,
1488,STATUIA DANUBIA,STATUIA DANUBIA,MEHEDINTI,
1489,STATUIA LUI DECEBAL,STATUIA LUI DECEBAL,MEHEDINTI,
1490,BUST MIHAI VITEAZUL,STREHAIA,MEHEDINTI,
1491,MONUMENTUL EROILOR,STREHAIA,MEHEDINTI,
1492,MANASTIREA STREAHAIA,STREHAIA,MEHEDINTI,
1493,BISERICA SFANTA PARASCHEVA,STREHAIA,MEHEDINTI,
1494,BISERICA MARTIRII BRANCOVINENI,STREHAIA,MEHEDINTI,
1495,CIMITIRUL VIRCIOROVA,VIRCIOROVA,MEHEDINTI,
1496,MANASTIREA VODITA,VODITA,MEHEDINTI,
1497,RUINELE MANASTIRII VODITA,VODITA,MEHEDINTI,
1498,Biserica de lemn “Sfintii Apostoli” din Brebina,BREBINA,MEHEDINTI,
1499,Manastirea Baia de Arama,BAIA DE ARAMA,MEHEDINTI,
1500,Statuia Constantin Brancoveanu,BAIA DE ARAMA,MEHEDINTI,
1501,"Biserica de lemn “Sfantul Nicolae""",Ponoarele,MEHEDINTI,
1502,Pestera Ponoarele,Ponoarele,MEHEDINTI,
1503,"Biserica ,,Sf. Apostoli,, Comanesti",Comanesti,MEHEDINTI,
1504,"Biserica ,,Sfantul Stefan ,, Gornovita",Gornovita,MEHEDINTI,
1505,BISERICA SF. NICOLAE,Costesti,MEHEDINTI,
1506,Manastirea Cosustea-Crivelnic,Firizu,MEHEDINTI,
1507,Pestera Baluta,Baluta,MEHEDINTI,
1508,Manastirea Jiana,Jiana,MEHEDINTI,
1509,"Biserica ,, Pogorarea Sfantului Duh,,",Garla Mare,MEHEDINTI,
1510,"Biserica ,, Sfantul Nicolae,,",Patulele,MEHEDINTI,
1511,"Biserica ""Sf. Petru şi Pavel,, Viasu",Viasu,MEHEDINTI,
1512,Statiunea balenoclimaterica Bala,Bala,MEHEDINTI,
COD,DENUMIRE,LOCALITATE,JUDET
1513,CASA ZARZAZA,ALEXANDRIA,TELEORMAN
1514,PODUL METALIC PESTE RAUL VEDEA,ALEXANDRIA,TELEORMAN
1515,RUINELE CETATII ROMANE TURRIS,ALEXANDRIA,TELEORMAN
1516,CLADIREA SCOLII GIMNAZIALE NR. 5,ALEXANDRIA,TELEORMAN
1517,GARA,ALEXANDRIA,TELEORMAN
1518,MUZEUL JUDETEAN TELEORMAN,ALEXANDRIA,TELEORMAN
1519,CATEDRALA SFANTUL ALEXANDRU,ALEXANDRIA,TELEORMAN
1520,BISERICA ADORMIREA MAICII DOMNULUI,ALEXANDRIA,TELEORMAN
1521,BISERICA SFINTII APOSTOLI PETRU SI PAVEL,ALEXANDRIA,TELEORMAN
1522,BUSTUL LUI CUZA,ALEXANDRIA,TELEORMAN
1523,MONUMENT RMI,ALEXANDRIA,TELEORMAN
1524,STATUIA LUI LIVIU VASILICA,ALEXANDRIA,TELEORMAN
1525,RUINELE CURTII LUI CONSTANTIN AGA BALACEANU,BALACI,TELEORMAN
1526,BISERICA ADORMIREA MAICII DOMNULUI,BALACI,TELEORMAN
1527,MANASTIREA SFANTUL PANTELIMON,BALACI,TELEORMAN
1528,RUINELE MANASTIRII,BALDOVINESTI,TELEORMAN
1529,BISERICA DE LEMN,BUJORENI,TELEORMAN
1530,BISERICA SFANTUL DUMITRU,COSETENI,TELEORMAN
1531,EXPOZITIA MEMORIALA GALA GALACTION,DIDESTI,TELEORMAN
1532,BISERICA DE LEMN SFANTA PARASCHEVA,DRACESTI,TELEORMAN
1533,CASA MEMORIALA ANTON SI MARIA POPESCU,DRACSANI,TELEORMAN
1534,MUZEUL DE ETNOGRAFIE,DRACSANI,TELEORMAN
1535,CULA LUI COSTEA,FRASINET,TELEORMAN
1536,MONUMENTUL COMEMORATIV AL ADUNARII DE LA ISLAZ,ISLAZ,TELEORMAN
1537,SITUL ARHEOLOGIC DE LA BISERICA,MAGURA,TELEORMAN
1538,CONACUL MANU,MERI,TELEORMAN
1539,BISERICA DE LEMN,MERISANI,TELEORMAN
1540,MONUMENT COMEMORATIV SARJA,PRUNARU,TELEORMAN
1541,AQUAVENTURA,ROSIORI,TELEORMAN
1542,CETATEA CAZACILOR,ROSIORI,TELEORMAN
1543,CASA MAMUT,ROSIORI,TELEORMAN
1544,CASA DAIA,ROSIORI,TELEORMAN
1545,PRIMARIA,ROSIORII DE VEDE,TELEORMAN
1546,BUSTUL LUI NICOLAE BALCESCU,ROSIORII DE VEDE,TELEORMAN
1547,MUZEUL MUNICIPAL DE ISTORIE,ROSIORII DE VEDE,TELEORMAN
1548,GARA,ROSIORII DE VEDE,TELEORMAN
1549,CASA MEMORIALA ZAHARIA STANCU,SALCIA,TELEORMAN
1550,BISERICA DE LEMN,SERICU,TELEORMAN
1551,CENTRUL MEMORIAL MARIN PREDA,SILISTEA GUMESTI,TELEORMAN
1552,SCHITUL MARE MUCENIC FANURIE,SILISTEA GUMESTI,TELEORMAN
1553,MUZEUL DE ETNOGRAFIE,STEJARU,TELEORMAN
1554,RUINELE CURTILOR BALACEANU,TATARASTII DE SUS,TELEORMAN
1555,MANASTIREA SFANTA ECATERINA,TATARASTII DE SUS,TELEORMAN
1556,CASA ANGELESCU,TURNU MAGURELE,TELEORMAN
1557,CLUBUL COPIILOR,TURNU MAGURELE,TELEORMAN
1558,TURNUL DE APA,TURNU MAGURELE,TELEORMAN
1559,PARCUL CENTRAL,TURNU MAGURELE,TELEORMAN
1560,MONUMENTUL INDEPENDENTEI,TURNU MAGURELE,TELEORMAN
1561,BUSTUL LUI PRAPORGESCU,TURNU MAGURELE,TELEORMAN
1562,STATUIA DOROBANTULUI,TURNU MAGURELE,TELEORMAN
1563,BISERICA SFANTUL HARALAMBIE,TURNU MAGURELE,TELEORMAN
1564,STATUIA LUI MIRCEA CEL BATRAN,TURNU MAGURELE,TELEORMAN
1565,TRIBUNALUL,TURNU MAGURELE,TELEORMAN
1566,COMPLEXUL DE ODIHNA SI RECREERE STRAND,VEDEA,TELEORMAN
1567,BISERICA DE LEMN SFANTA PARASCHEVA,VIDELE,TELEORMAN
COD,DENUMIRE,LOCALITATE,JUDET
1568,BISERICA SFANTA PARASCHEVA,ALUNISU,OLT
1569,BISERICA SFINTII VOIEVOZI,BABICIU,OLT
1570,MUZEUL SATESC,BABICIU,OLT
1571,BISERICA DE LEMN,BALDOVINESTI,OLT
1572,CASA MEMORIALA MIHAIL DRUMES,BALS,OLT
1573,BISERICA CONSTANTIN SI ELENA,BALS,OLT
1574,BISERICA SFANTUL DUMITRU,BALS,OLT
1575,BISERICA SFANTA PARASCHEVA,BALS,OLT
1576,BISERICA ADORMIREA MAICII DOMNULUI,BARASTII DE CEPTURI,OLT
1577,BISERICA ADORMIREA MAICII DOMNULUI,BREBENI,OLT
1578,BISERICA SFANTUL NICOLAE,BREZAICA,OLT
1579,BISERICA SFANTA PARASCHEVA,CAMPU MARE,OLT
1580,BISERICA ADORMIREA MAICII DOMNULUI,CARACAL,OLT
1581,BISERICA SFANTA TREIME,CARACAL,OLT
1582,BISERICA SFANTUL IOAN BOTEZATORUL,CARACAL,OLT
1583,BISERICA SFANTUL VASILE,CARACAL,OLT
1584,BISERICA TOTI SFINTII,CARACAL,OLT
1585,BUST TOMA RUSCA,CARACAL,OLT
1586,CASA MEMORIALA IANCU JIANU,CARACAL,OLT
1587,CASA NICOLAE TITULESCU,CARACAL,OLT
1588,CLUBUL COPIILOR,CARACAL,OLT
1589,CONACUL HAGIESCU,CARACAL,OLT
1590,JUDECATORIA CARACAL,CARACAL,OLT
1591,MONUMENTUL EROILOR,CARACAL,OLT
1592,MONUMENTUL RECUNOSTINTEI,CARACAL,OLT
1593,MUZEUL ROMANATIULUI,CARACAL,OLT
1594,PARCUL POROINEANU,CARACAL,OLT
1595,PRIMARIA CARACAL,CARACAL,OLT
1596,STATUIA CERES,CARACAL,OLT
1597,TEATRUL DE VARA,CARACAL,OLT
1598,TEATRUL NATIONAL,CARACAL,OLT
1599,FAR CARACAL,CARACAL,OLT
1600,CONACUL CEZIENI,CEZIENI,OLT
1601,BISERICA SFANTUL DUMITRU,CEZIENI,OLT
1602,BISERICA ADORMIREA MAICII DOMNULUI,CHILIA,OLT
1603,MUZEUL DE SCULPTURA,CHILIA,OLT
1604,BISERICA SFANTUL NICOLAE,CILIENI,OLT
1605,BISERICA ADORMIREA MAICII DOMNULUI,COLIBASI,OLT
1606,BISERICA SFANTUL NICOLAE,COMANCA,OLT
1607,MONUMENTUL EROILOR,CORABIA,OLT
1608,PRIMARIA CORABIA,CORABIA,OLT
1609,BISERICA SFANTA TREIME,CORABIA,OLT
1610,MUZEUL DE ARHEOLOGIE,CORABIA,OLT
1611,BUST ALEXANDRU IOAN CUZA,CORABIA,OLT
1612,BISERICA SFANTUL SPIRIDON,CORABIA,OLT
1613,CETATEA SUCIDAVA,CORABIA,OLT
1614,BISERICA ADORMIREA MAICII DOMNULUI,CORBENI,OLT
1615,BISERICA INTAMPINAREA MAICII DOMNULUI,CURTISOARA,OLT
1616,CONACUL BOIERULUI IOAN MARIAN,CURTISOARA,OLT
1617,BISERICA ADORMIREA MAICII DOMNULUI,DRAGANESTI-OLT,OLT
1618,BISERICA SFANTUL NICOLAE,FAGETELU,OLT
1619,BISERICA ADORMIREA MAICII DOMNULUI,FILIE,OLT
1620,BISERICA ADORMIREA MAICII DOMNULUI,FRUNZARU,OLT
1621,PARCUL CONSTANTIN BRANCUSI,FRUNZARU,OLT
1622,BISERICA SFANTUL NICOLAE,GIUVARASTI,OLT
1623,BISERICA SFANTUL NICOLAE,GOSTAVATU,OLT
1624,TURNUL MEDIEVAL,HOTARANI,OLT
1625,BISERICA SFINTII VOIEVOZI,HOTARANI,OLT
1626,BISERICA SFANTA PARASCHEVA,IANCU JIANU,OLT
1627,BISERICA ADORMIREA MAICII DOMNULUI,IZVOARELE,OLT
1628,BISERICA SFANTA PARASCHEVA,IZVORU,OLT
1629,CONACUL IZVORU,IZVORU,OLT
1630,BISERICA ADORMIREA MAICII DOMNULUI,LIICENI,OLT
1631,CONACUL PAUL LAZAR,LIICENI,OLT
1632,BISERICA SFINTII APOSTOLI,MAMURA,OLT
1633,BISERICA DE LEMN,MOMAIU,OLT
1634,BISERICA SFANTUL NICOLAE,OBOGA,OLT
1635,MANASTIREA CALUIU,OBOGA,OLT
1636,BISERICA SFANTA PARASCHEVA,OPTASANI,OLT
1637,CIMITIRUL VESEL,PIETRIS,OLT
1638,BISERICA SFINTII VOIEVOZI,PLESOIU,OLT
1639,CONACUL BOIERESC,PLESOIU,OLT
1640,BISERICA DE LEMN,PRISACA,OLT
1641,BISERICA SFANTUL NICOLAE,PROFA,OLT
1642,ANSAMBLUL BRATASANU,RADOMIRESTI,OLT
1643,VESTIGIILE ORASULUI ROMAN,RESCA,OLT
1644,BISERICA SFANTUL NICOLAE,RESCA,OLT
1645,STATUIA SFANTUL CONSTANTIN CEL MARE,RESCA,OLT
1646,BISERICA DE LEMN RUSANESTI,RUSANESTI,OLT
1647,BISERICA SFINTII MARTIRI BRANCOVENI,RUSANESTI,OLT
1648,BISERICA ADORMIREA MAICII DOMNULUI,SAMBURESTI,OLT
1649,BISERICA STANULEASA,SAMBURESTI,OLT
1650,BISERICA ADORMIREA MAICII DOMNULUI,SCARISOARA,OLT
1651,BISERICA BAPTISTA,SCORNICESTI,OLT
1652,CASA MEMORIALA NICOLAE CEAUSESCU,SCORNICESTI,OLT
1653,BISERICA ADORMIREA MAICII DOMNULUI,SCORNICESTI,OLT
1654,BISERICA ADORMIREA MAICII DOMNULUI,SLATINA,OLT
1655,BISERICA NASTEREA MAICII DOMNULUI,SLATINA,OLT
1656,BISERICA ADVENTISTA,SLATINA,OLT
1657,BISERICA SFANTA TREIME,SLATINA,OLT
1658,BISERICA SFANTUL IOAN BOTEZATORUL,SLATINA,OLT
1659,BISERICA SFINTII CONSTANTIN SI ELENA,SLATINA,OLT
1660,BISERICA SFINTII VOIEVOZI,SLATINA,OLT
1661,BISERICA SFANTUL NICOLAE COASTA,SLATINA,OLT
1662,BUST RADU GRECEANU,SLATINA,OLT
1663,CASA FANTANEANU,SLATINA,OLT
1664,CASA IOAN CALUGARU,SLATINA,OLT
1665,CASA STRADA MIHAI EMINESCU NR. 44,SLATINA,OLT
1666,CASA STRADA MIHAI EMINESCU NR. 48,SLATINA,OLT
1667,CATEDRALA SLATINA,SLATINA,OLT
1668,CLADIRE BNR,SLATINA,OLT
1669,COFETARIA ATLETUL ALBANEZ ,SLATINA,OLT
1670,COLEGIUL NATIONAL RADU GRECEANU,SLATINA,OLT
1671,MANASTIREA CLOCOCIOV,SLATINA,OLT
1672,MUZEUL DE ETNOGRAFIE,SLATINA,OLT
1673,MUZEUL JUDETEAN OLT,SLATINA,OLT
1674,OBELISC SLATINA,SLATINA,OLT
1675,PODUL PESTE OLT,SLATINA,OLT
1676,POLITIA LOCALA SLATINA,SLATINA,OLT
1677,PRIMARIA SLATINA,SLATINA,OLT
1678,REGISTRUL COMERTULUI SLATINA,SLATINA,OLT
1679,SCHITUL STREHARET,SLATINA,OLT
1680,SCOALA PRIMARA DE BAIETI,SLATINA,OLT
1681,STATUIE ECATERINA TEODOROIU,SLATINA,OLT
1682,STATUIE EUGEN IONESCO,SLATINA,OLT
1683,STATUIE NICOLAE TITULESCU,SLATINA,OLT
1684,STATUIE TUDOR VLADIMIRESCU,SLATINA,OLT
1685,BISERICA ADORMIREA MAICII DOMNULUI,SPRANCEANA,OLT
1686,BISERICA ADORMIREA MAICII DOMNULUI,STEFANESTI,OLT
1687,BISERICA DE LEMN,STEFANESTI,OLT
1688,ANSAMBLUL BISERICII SFINTILOR VOIEVOZI,STREJESTII DE SUS,OLT
1689,BISERICA SFANTA PARASCHEVA,TATULESTI,OLT
1690,BISERICA SFANTUL GHEORGHE DE JOS,TATULESTI,OLT
1691,BISERICA SFANTUL NICOLAE,TIA MARE,OLT
1692,BISERICA SFANTUL GRIGORE DECAPOLITUL,GROJDIBODU,OLT
1693,BISERICA SFANTUL IOAN BOTEZATORUL,REDEA,OLT
1694,BISERICA SFINTII VOIEVOZI,CIOROIU,OLT
1695,BISERICA SFANTUL GHEORGHE,OSICA DE SUS,OLT
1696,BISERICA SFANTUL NICOLAE,FALCOIU,OLT
1697,CONACUL NEAMTU,OLARI,OLT
1698,CULA CALATEANU,PIATRA OLT,OLT
1699,BISERICA SFANTUL NICOLAE,PIATRA OLT,OLT
1700,CASA MEMORIALA NICOLAE TITULESCU,NICOLAE TITULESCU,OLT
1701,CONACUL ARGESANU,PIATRA OLT,OLT
1702,MANASTIREA BRANCOVENI,BRANCOVENI,OLT
1703,Mănăstirea Seaca Mușetești – Poboru,SEACA,OLT
1704,"Biserica „Sfânta Treime“ – Carlogani, Cepari",CEPARI,OLT
1705,"Biserica „Sfântul Nicolae“ – Colonesti, Maldar",Maldar,OLT
1706,"Biserica „Sfântul Ioan Botezătorul“ – Corbu, Ciuresti",Ciuresti,OLT
1707,Biserica „Sfântul Nicolae“ – Cungrea,Cungrea,OLT
1708,"Biserica de lemn „Cuvioasa Paraschiva“ – Cungrea, Ibanesti",Ibanesti,OLT
1709,"Biserica „Sfântul Gheorghe“ – Gradinari, Runcu Mare",Runcu Mare,OLT
1710,"Biserica „Adormirea Maicii Domnului“ – Leleasca, Afumati",Afumati,OLT
1711,Biserica „Adormirea Maicii Domnului“ – Leleasca,Leleasca,OLT
1712,"Biserica „Sfântul Dumitru“ – Milcov, Milcov Deal",Milcov-Deal,OLT
1713,"Biserica „Sfinții Voievozi“ – Milcov, Ulmi",Ulmi,OLT
1714,"Biserica „Cuvioasa Paraschiva“ – Morunglav, Poiana Mare",Poiana Mare,OLT
1715,Biserica „Sfântul Nicolae“ – Orlea,Orlea,OLT
1716,"Biserica de lemn „Adormirea Maicii Domnului“ – Perieti, Magura",Magura,OLT
1717,"Biserica de lemn „Sfântul Nicolae“ – Perieti, Perietii de Jos",Perietii de Jos,OLT
1718,"Fostul schit Deleni – Teslui, Deleni",Deleni,OLT
1719,"Biserica de lemn „Cuvioasa Paraschiva“ – Topana, Gojgarei",Gojgarei,OLT
1720,Biserica „Sfântul Gheorghe“ – Tufeni,Tufeni,OLT
,TEXTE TRIMISE,TEXTE DE TRIMIS,
GIURGIU,62,4,
CONSTANTA,147,23,
CALARASI,48,0,
DOLJ,111,18,
MEHEDINTI,99,0,
TELEORMAN,53,2,
OLT,92,61,
TOTAL,612,108,720
